{
  "version": 1,
  "author": "khoivancw",
  "editor": "wokwi",
  "parts": [
    { "type": "wokwi-arduino-uno", "id": "uno", "top": 0, "left": 0, "attrs": {} },
    {
      "type": "wokwi-lcd-i2c",
      "id": "lcd1",
      "top": 20,
      "left": 220,
      "attrs": { "i2c-address": "0x27" }
    },
    {
      "type": "wokwi-servo",
      "id": "servo1",
      "top": 180,
      "left": 220,
      "attrs": { "horn": "single" }
    },
    {
      "type": "wokwi-led",
      "id": "led-green",
      "top": 100,
      "left": 300,
      "attrs": { "color": "green" }
    },
    { "type": "wokwi-led", "id": "led-red", "top": 100, "left": 340, "attrs": { "color": "red" } },
    {
      "type": "wokwi-led",
      "id": "led-yellow",
      "top": 100,
      "left": 380,
      "attrs": { "color": "yellow" }
    },
    {
      "type": "wokwi-led",
      "id": "led-payment",
      "top": 100,
      "left": 420,
      "attrs": { "color": "blue" }
    },
    { "type": "wokwi-pushbutton", "id": "btn-confirm", "top": 255.8, "left": 297.6, "attrs": {} },
    {
      "type": "wokwi-pushbutton",
      "id": "btn-cash",
      "top": 255.8,
      "left": 355.2,
      "attrs": { "color": "green" }
    },
    {
      "type": "wokwi-pushbutton",
      "id": "btn-bank",
      "top": 255.8,
      "left": 422.4,
      "attrs": { "color": "blue" }
    },
    { "type": "wokwi-resistor", "id": "r1", "top": 140, "left": 300, "attrs": { "value": "220" } },
    { "type": "wokwi-resistor", "id": "r2", "top": 140, "left": 340, "attrs": { "value": "220" } },
    { "type": "wokwi-resistor", "id": "r3", "top": 140, "left": 380, "attrs": { "value": "220" } },
    { "type": "wokwi-resistor", "id": "r4", "top": 140, "left": 420, "attrs": { "value": "220" } }
  ],
  "connections": [
    [ "lcd1:SDA", "uno:A4", "green", [ "h0" ] ],
    [ "lcd1:SCL", "uno:A5", "gold", [ "h0" ] ],
    [ "lcd1:VCC", "uno:5V", "red", [ "h0" ] ],
    [ "lcd1:GND", "uno:GND.1", "black", [ "h0" ] ],
    [ "led-green:A", "uno:6", "green", [ "v0" ] ],
    [ "led-green:C", "r1:2", "green", [ "v0" ] ],
    [ "r1:1", "uno:GND.2", "black", [ "v0" ] ],
    [ "led-red:A", "uno:7", "red", [ "v0" ] ],
    [ "led-red:C", "r2:2", "green", [ "v0" ] ],
    [ "r2:1", "uno:GND.2", "black", [ "h0" ] ],
    [ "led-yellow:A", "uno:8", "yellow", [ "v0" ] ],
    [ "led-yellow:C", "r3:2", "green", [ "v0" ] ],
    [ "r3:1", "uno:GND.2", "black", [ "h0" ] ],
    [ "led-payment:A", "uno:5", "blue", [ "v0" ] ],
    [ "led-payment:C", "r4:2", "green", [ "v0" ] ],
    [ "r4:1", "uno:GND.2", "black", [ "h0" ] ],
    [ "servo1:PWM", "uno:9", "orange", [ "v0" ] ],
    [ "servo1:VCC", "uno:5V", "red", [ "v0" ] ],
    [ "servo1:GND", "uno:GND.3", "black", [ "v0" ] ],
    [ "btn-confirm:1.l", "uno:2", "green", [ "v0" ] ],
    [ "btn-confirm:2.r", "uno:GND.3", "black", [ "v0" ] ],
    [ "btn-cash:1.l", "uno:3", "green", [ "v0" ] ],
    [ "btn-cash:2.r", "uno:GND.3", "black", [ "v0" ] ],
    [ "btn-bank:1.l", "uno:4", "green", [ "v0" ] ],
    [ "btn-bank:2.r", "uno:GND.3", "black", [ "v0" ] ]
  ],
  "dependencies": {}
}